RdAddress   ,MepcWr      ,WrOperation ,ExcWrEna    ,ExcData     ,ExcAddress  ,CycleMepc   ,WrAddress   ,GprData     ,ImmData     ,Rst ,Clk,MepcRd      ,Mtvec       ,Mnev        ,Mie         ,Mps         ,CsrData     
00000000,00000000,000,00,00000000,00000000,00,00000000,00000000,00000,1,1,00000000,00000000,00000000,00000000,00000000,00000000
00000000,00000000,000,00,00000000,00000000,00,00000301,00028530,10111,0,1,00000000,00000000,00000000,00000000,00000000,00000000
00000301,00000000,000,00,00000000,00000000,00,00000304,0004E947,10111,0,1,00000000,00000000,00000000,00000000,00000000,00000000
00000304,00000000,000,00,00000000,00000000,00,00000305,00192CC9,10111,0,1,00000000,00000000,00000000,00000000,00000000,00000000
00000305,00000000,000,00,00000017,00000305,00,00000342,00003D23,10111,0,1,00000000,00000000,00000000,00000000,00000000,00000000
00000342,00000000,000,00,00000000,00000000,00,00000343,00010A3C,10111,0,1,00000000,00000000,00000000,00000000,00000000,00000000
00000343,00000000,000,00,00000000,00000000,00,00000F12,000007B0,10111,0,1,00000000,00000000,00000000,00000000,00000000,00000000
00000F12,00000000,000,00,00000000,00000000,00,00000F13,0009F1A9,10111,0,1,00000000,00000000,00000000,00000000,00000000,00000000
00000F13,00000000,000,00,00000000,00000000,00,00000F14,0000015F,10111,0,1,00000000,00000000,00000000,00000000,00000000,00000000
00000F14,00000000,000,00,00000000,00000000,00,00001000,00B24EF0,10111,0,1,00000000,00000000,00000000,00000000,00000000,00000000
00001000,00000000,000,00,00000000,00000000,00,00001001,1CB606B3,10111,0,1,00000000,00000000,00000000,00000000,00000000,00000000
00001001,00000000,000,00,00000000,00000000,00,00001002,000019BA,10111,0,1,00000000,00000000,00000000,00000000,00000000,00000000
00001002,00000000,000,00,00000000,00000000,00,00001003,00000878,10111,0,1,00000000,00000000,00000000,00000000,00000000,00000000
00001003,00000000,000,00,00000000,00000000,00,00001004,00000005,10111,0,1,00000000,00000000,00000000,00000000,00000000,00000000
00001004,00000000,000,00,00000000,00000000,00,00001005,0000004F,10111,0,1,00000000,00000000,00000000,00000000,00000000,00000000
00001005,00000000,001,00,00000000,00000000,00,00000301,0000000A,10111,0,1,00000000,00000000,00000000,00000000,00000000,00000000
00000301,00000000,010,00,00000000,00000000,00,00000304,00000007,10111,0,1,00000000,00000000,00000000,00000000,00000000,00000000
00000304,00000000,011,00,00000000,00000000,00,00000305,00000017,10101,0,1,00000000,00000000,00000000,00000000,00000000,00000000
00000305,00000000,100,00,00000000,00000000,00,00000342,00000017,01010,0,1,00000000,00000000,00000000,00000000,00000000,00000000
00000342,00000000,101,00,00000000,00000000,00,00000343,00000017,00101,0,1,00000000,00000000,00000000,00000000,00000000,00000000
00000343,00000000,110,00,00000000,00000000,00,00000F12,00000017,10111,0,1,00000000,00000000,00000000,00000000,00000000,00000000
00000F12,00000000,111,00,00000000,00000000,00,00000F13,00000017,10111,0,1,00000000,00000000,00000000,00000000,00000000,00000000
00000F13,00000000,000,00,00000000,00000000,00,00000015,00000017,10111,0,1,00000000,00000000,00000000,00000000,00000000,00000000
00000000,00000020,000,00,00000000,00000000,01,00000000,00000000,00000,0,1,00000000,00000000,00000000,00000000,00000000,00000000
00000000,00000041,000,00,00000000,00000000,01,00000000,00000000,00000,0,1,00000000,00000000,00000000,00000000,00000000,00000000
00000000,0000002D,000,00,00000000,00000000,01,00000000,00000000,00000,0,1,00000000,00000000,00000000,00000000,00000000,00000000
00000000,00000062,000,00,00000000,00000000,00,00000000,00000000,00000,0,1,00000000,00000000,00000000,00000000,00000000,00000000
00000000,0000004E,000,00,00000000,00000000,00,00000000,00000000,00000,0,1,00000000,00000000,00000000,00000000,00000000,00000000
00000000,0000000C,000,00,00000000,00000000,10,00000000,00000000,00000,0,1,00000000,00000000,00000000,00000000,00000000,00000000
00000000,00000055,000,00,00000000,00000000,10,00000000,00000000,00000,0,1,00000000,00000000,00000000,00000000,00000000,00000000
00000000,00000019,000,00,00000000,00000000,10,00000000,00000000,00000,0,1,00000000,00000000,00000000,00000000,00000000,00000000
00000000,00000060,000,00,00000000,00000000,00,00000000,00000000,00000,0,1,00000000,00000000,00000000,00000000,00000000,00000000
00000000,0000000E,000,00,00000000,00000000,00,00000000,00000000,00000,0,1,00000000,00000000,00000000,00000000,00000000,00000000
00000000,00001994,000,00,00000000,00000000,01,00000000,00000000,00000,0,1,00000000,00000000,00000000,00000000,00000000,00000000
00000000,00000000,000,01,00002F63,00000301,00,00000000,00000000,00000,0,1,00000000,00000000,00000000,00000000,00000000,00000000
00000000,00000000,000,01,00002F64,00000304,00,00000000,00000000,00000,0,1,00000000,00000000,00000000,00000000,00000000,00000000
00000000,00000000,000,01,00002F65,00000305,00,00000000,00000000,00000,0,1,00000000,00000000,00000000,00000000,00000000,00000000
00000000,00000000,000,01,00002F66,00000342,00,00000000,00000000,00000,0,1,00000000,00000000,00000000,00000000,00000000,00000000
00000000,00000000,000,01,00002F67,00000343,00,00000000,00000000,00000,0,1,00000000,00000000,00000000,00000000,00000000,00000000
00000000,00000000,000,01,00002F68,00000F12,00,00000000,00000000,00000,0,1,00000000,00000000,00000000,00000000,00000000,00000000
00000000,00000000,000,01,00002F69,00000F13,00,00000000,00000000,00000,0,1,00000000,00000000,00000000,00000000,00000000,00000000
00000000,00000000,000,01,00002F6A,00000F14,00,00000000,00000000,00000,0,1,00000000,00000000,00000000,00000000,00000000,00000000
00000000,00000000,000,01,00002F6B,00001000,00,00000000,00000000,00000,0,1,00000000,00000000,00000000,00000000,00000000,00000000
00000000,00000000,000,01,00002F6C,00001001,00,00000000,00000000,00000,0,1,00000000,00000000,00000000,00000000,00000000,00000000
00000000,00000000,000,01,00002F6D,00001002,00,00000000,00000000,00000,0,1,00000000,00000000,00000000,00000000,00000000,00000000
00000000,00000000,000,01,00002F6E,00001003,00,00000000,00000000,00000,0,1,00000000,00000000,00000000,00000000,00000000,00000000
00000000,00000000,000,01,00002F6F,00001004,00,00000000,00000000,00000,0,1,00000000,00000000,00000000,00000000,00000000,00000000
00000000,00000000,000,01,00002F70,00001005,00,00000000,00000000,00000,0,1,00000000,00000000,00000000,00000000,00000000,00000000
00000000,00000000,000,01,00002F71,00000301,00,00000000,00000000,00000,0,1,00000000,00000000,00000000,00000000,00000000,00000000
00000000,00000000,000,01,00002F72,00000304,00,00000000,00000000,00000,0,1,00000000,00000000,00000000,00000000,00000000,00000000
00000000,00000000,000,01,00002F73,00000305,00,00000000,00000000,00000,0,1,00000000,00000000,00000000,00000000,00000000,00000000
00000000,00000000,000,01,00002F74,00000342,00,00000000,00000000,00000,0,1,00000000,00000000,00000000,00000000,00000000,00000000
00000000,00000000,000,01,00002F75,00000343,00,00000000,00000000,00000,0,1,00000000,00000000,00000000,00000000,00000000,00000000
00000000,00000000,000,01,00002F76,00000F12,00,00000000,00000000,00000,0,1,00000000,00000000,00000000,00000000,00000000,00000000
00000000,00000000,000,01,00002F77,00000F13,00,00000000,00000000,00000,0,1,00000000,00000000,00000000,00000000,00000000,00000000
